"Int","Float/Real","Var Char"
1,6.85542394965887,"R"
8,4.60349934734404,"And"
5,2.5479443653021,"Data Mining"
2,4.15501429629512,"Examples"
1,4.81792981270701,"Case Studies"
